1782,Beads & Gemstones
4797,Jewellery Charms
678,Earrings
714,Necklaces
1790,Jewellery Fasteners & Co.
4609,Patterned Fabric
746,Wristbands & Bracelets
706,Rings
6913,Haberdashery & Sewing
3082,Handicraft Supplies
1550,Prints
1442,Homeware
1314,Wall Decor
2198,Jewellery Cord & Chains
2138,Gadget Cases
6325,Silver Jewellery
3290,Wedding
1350,Home accessories
1962,Pendants
2186,Trims & Ribbons
374,Hair Accessories
502,Dresses
218,Shawls & Scarves
2190,Buttons
2110,Shoulder Bags
1590,Paintings & Collages
2102,Handbags
4913,E-Books & Tutorials
1710,Appliqué
406,T-Shirts & Jumpers
766,Badges & Brooches
274,Headgear
9001,Greeting Cards
1162,Kitchen Accessories
1738,Plain Fabric
6561,Gemstone Jewellery
8605,Toys
2802,Laptop & Tablet PC
7713,Tops & Blouses
5265,Jewellery Storage  
2114,Purses
3250,Mens Fashion
5897,Glass Jewellery
5401,Accessories
398,Other
1074,Children's Accessories
1494,Toys & Collectibles
250,Gloves & more
2106,Backpacks & Totes
4461,Mens Jewellery
7345,Carpentry Supplies
1534,Photography
894,Children's clothing
334,Keychains
1122,Beauty & Body
3118,Baby Shoes & Baby Socks
12393,Shoes & Boots
6697,Watches
6041,Ceramic Jewellery
2806,Christmas Time
4154,Mens Accessories
522,Skirts
1954,Badges & Brooches
7885,Knitwear
458,Jackets & Outerwear
814,Babyclothing
6433,Fabric Jewellery
1234,Lighting
6005,Wooden Jewellery
1702,Other
1654,Sculptures
2194,Wool & Yarn
982,Home Accessories
6301,Body Jewellery
1470,Pet Shop
7841,Coats
6473,Themed Jewellery
9293,Stickers
550,Lingerie & Swimwear
3094,Packaging Supplies
2118,Cases & Mini Bags
6149,Leather Jewellery
12593,Tube Scarves
7377,Toy & Model Building
482,Trousers & Shorts
3142,Baby Toys
9229,Stamps
5429,Sleeping & Snuggling
5969,Gold Plated Jewellery
2382,Vintage Clothing
290,Hosiery
9557,Garden Supplies
4945,Sewing Patterns
5285,Christmas Gifts
1922,Patches & Appliqué
12425,Hand Fans
2150,Cosmetic Bags
2394,Vintage Jewellery
1842,Tools
1618,Drawings
8761,Notebooks & Notepads
1686,Mixed Media
4429,Plus Size Clothing
318,Belts & Sashes
4278,Vintage Craft Supplies
6193,Pearl Jewellery
12645,Illustration
10545,Birthday
9345,Scrapbooking
5861,Felt Jewellery
3154,Birth & Christening
5933,Gold Jewellery
9397,Bookmarks
11669,Storage
4673,Crafting Fabric
670,Other
7193,Art Supplies
6113,Kawaii & Candy Jewellery
1274,Furniture
9197,Wrapping Paper & Co.
5553,Eating & Drinking
7157,Stationery
9097,Postcards
3230,Children's Jewellery
3358,Christening
6361,Silver Plated Jewellery
1958,Pocket mirrors
5485,Baby on the go
9593,Vintage Clocks & Watches
9641,Vintage Collectables
8821,Diaries
7417,Cooking Supplies
4485,Mens Bags
2386,Vintage Accessories
5037,Christmas Crafts
9485,Writing Supplies
1694,Music
2918,Easter
1038,School & Learning
7297,Flower Arranging
938,Children's Bags
5661,Baby Furniture
1114,Other
1874,Courses & Services
2406,Vintage Home Accessories
10421,Valentine's Day
3542,Halloween
7909,Ethical Clothing
9633,Vintage Stationery
9169,Letter Paper & Envelopes
10461,Kids Birthday Party
7565,Machines & Equipment
2390,Vintage Bags & Cases
2030,Delicatessen
9625,Vintage Textiles
2410,Vintage Kitchenware
7669,Presenting & Organising
7945,Alternative Clothing
2206,Sports Shop
10593,Made to Measure Clothes
3574,Fancy Dress
7037,Goldsmithery
8865,Writing Utensils
3614,Seasonal Decorations
542,Maternity Clothes
8385,Children's Lighting
1678,Mosaic
7265,Making Cosmetics
8937,Calendars
1998,Patches & Appliqué
7637,Specialist Publications
8353,Children's Furniture
10501,Mother's Day Gifts
8897,Photo Albums & Guestbooks
5081,Lucky Charms
8005,Retro Clothing
8049,Sportswear
11905,Bathroom Furniture
6229,Mother of Pearl Jewellery
9433,Memo Pads
10709,Eco Baby Clothing
10789,Eco Children's Clothing
5609,For Mum
9601,Vintage Toys
2166,Literature
4214,Vintage Footwear
9617,Vintage Lighting
10649,Mens Ethical Fashion
11993,Garden Furniture
4529,Mens Made to Measure Clothes
3410,Holy Communion
12509,Bag Holders
2422,Other
10633,Glasses
5577,Bath Accessories
8489,Bath Time
12881,The Store Room
2398,Vintage Baby & Kids
12521,Luggage
3478,School
2414,Vintage Books
3446,Confirmation
3518,Oktoberfest
10525,Father's Day
8525,Eating & Drinking
12801,Graduation
9649,Vintage Electronics
9609,Vintage Furniture
8721,Sport
6265,Platinum Jewellery
12233,Mens Sportswear
4146,Sets
12565,Vintage Garden Equipment
2402,Other
